<?xml version="1.0" encoding="UTF-8"?>
<ti:module xmlns:ti="http://ti.appcelerator.org" xmlns:android="http://schemas.android.com/apk/res/android">
	<!--
		Similar to tiapp.xml, but contains module/platform specific
		configuration in <iphone>, <android>, and <mobileweb> sections
	-->
	<iphone>
	</iphone>
	<android xmlns:android="http://schemas.android.com/apk/res/android">
        <manifest xmlns:android="http://schemas.android.com/apk/res/android" >
            <uses-sdk android:minSdkVersion="8" />

            <!-- for card.io card scanning -->
            <uses-permission android:name="android.permission.CAMERA" />
            <uses-permission android:name="android.permission.VIBRATE" />

            <!-- for most things, including card.io and paypal -->
            <uses-permission android:name="android.permission.ACCESS_NETWORK_STATE" />
            <uses-permission android:name="android.permission.ACCESS_WIFI_STATE" />
            <uses-permission android:name="android.permission.INTERNET" />

            <!-- Camera features -->
            <uses-feature android:name="android.hardware.camera" android:required="false" />
            <uses-feature android:name="android.hardware.camera.autofocus" android:required="false" />
            <uses-feature android:name="android.hardware.camera.flash" android:required="false" />

            <application>
                <!-- Activities responsible for gathering payment info -->
                <service android:name="com.paypal.android.sdk.payments.PayPalService" android:exported="false"/>

                <activity android:name="com.paypal.android.sdk.payments.PaymentActivity" />
                <activity android:name="com.paypal.android.sdk.payments.LoginActivity" />
                <activity android:name="com.paypal.android.sdk.payments.PaymentMethodActivity" />
                <activity android:name="com.paypal.android.sdk.payments.PaymentConfirmActivity" />

                <activity
                        android:name="io.card.payment.CardIOActivity"
                        android:configChanges="keyboardHidden|orientation" />
                <activity android:name="io.card.payment.DataEntryActivity" />
            </application>
        </manifest>
	</android>
	<mobileweb>
	</mobileweb>
</ti:module>
